{
  "lang":"zh",
  "name":"pipeline",
  "version":"0.0.0",
  "spacy_version":">=3.0.3,<3.1.0",
  "description":"",
  "author":"",
  "email":"",
  "url":"",
  "license":"",
  "spacy_git_version":"f4f46b617",
  "vectors":{
    "width":0,
    "vectors":0,
    "keys":0,
    "name":null
  },
  "labels":{
    "tok2vec":[

    ],
    "textcat":[
      "\u5e73\u677f",
      "\u6c34\u679c",
      "\u6d17\u9aee\u6c34",
      "\u8863\u670d",
      "\u9152\u5e97"
    ]
  },
  "pipeline":[
    "tok2vec",
    "textcat"
  ],
  "components":[
    "tok2vec",
    "textcat"
  ],
  "disabled":[

  ],
  "performance":{
    "cats_score_desc":"macro F",
    "cats_micro_p":0.9357025697,
    "cats_micro_r":0.8557,
    "cats_micro_f":0.8939148603,
    "cats_macro_p":0.9346042619,
    "cats_macro_r":0.8564984058,
    "cats_macro_f":0.8932974513,
    "cats_macro_auc":0.9846299582,
    "cats_f_per_type":{
      "\u5e73\u677f":{
        "p":0.9140893471,
        "r":0.7651006711,
        "f":0.8329853862
      },
      "\u6c34\u679c":{
        "p":0.9525368249,
        "r":0.8725637181,
        "f":0.9107981221
      },
      "\u6d17\u9aee\u6c34":{
        "p":0.8827818284,
        "r":0.8067657611,
        "f":0.8430637386
      },
      "\u8863\u670d":{
        "p":0.9303455724,
        "r":0.868885527,
        "f":0.8985658409
      },
      "\u9152\u5e97":{
        "p":0.9932677369,
        "r":0.9691763517,
        "f":0.9810741688
      }
    },
    "cats_macro_auc_per_type":0.0,
    "cats_score":0.8932974513,
    "tok2vec_loss":0.0,
    "textcat_loss":0.1365536493
  }
}